Project,Namespace,Ca types,Ce types
DomainModels,DomainModels.Business.CustomerDomain,Customer.Controllers.CustomerController' Customer.Controllers.Mediator.CustomerRequest' Customer.Startup' Customer.Controllers.Mediator.CustomerRequestHandler' CustomerSQLDB.DbModels.Customer' Customer.Models.CustomerResponse' Tracking.Startup' Customer.Controllers.Mediator.CustomerPublisherHandler' Customer.Controllers.Mediator.CustomerPublisher' Vehicle.Startup,DomainModels.Types.DomainModel<Model>' DomainModels.Business.VehicleDomain.Vehicle
DomainModels,DomainModels.Business.PingDomain,Tracking.Startup' EventSourceingSQLDBTests.PingTest' EventSourceingSQLDB.Adapters.PingEventSourcingLedgerAdapter' Ping.Controllers.Mediator.PingPublisher' Ping.Controllers.Mediator.PingPublisherHandler' Ping.Controllers.PingController,DomainModels.Types.DomainModel<Model>' DomainModels.Business.StatusModel
DomainModels,DomainModels.Business,TrackingSQLDB.DbModels.Tracking' Tracking.Startup' DomainModels.Business.TrackingDomain.Tracking' DomainModels.Business.PingDomain.Ping' Tracking.Models.TrackingResponse' Ping.Helper.Mappers,
DomainModels,DomainModels.Business.TrackingDomain,Tracking.Controllers.TrackingController' Tracking.Controllers.Mediator.TrackingRequest' Tracking.Startup' Tracking.Controllers.Mediator.TrackingRequestHandler' EventSourceingSQLDB.Adapters.TrackingEventSourcingLedgerAdapter' TrackingSQLDB.DbModels.Tracking' Tracking.Models.TrackingResponse,DomainModels.Types.DomainModel<Model>' DomainModels.System.IFilter' DomainModels.Business.StatusModel
DomainModels,DomainModels.Business.VehicleDomain,Customer.Controllers.CustomerController' Customer.Controllers.Mediator.CustomerRequest' Vehicle.Controllers.VehicleController' Vehicle.Controllers.Mediator.VehicleRequest' Customer.Startup' Vehicle.Startup' Vehicle.Controllers.Mediator.VehicleRequestHandler' Customer.Controllers.Mediator.CustomerRequestHandler' DomainModels.Business.CustomerDomain.Customer' Customer.Models.VehicleResponse' Tracking.Startup' VehicleSQLDB.DbModels.Vehicle' Vehicle.Models.VehicleResponse' Vehicle.Controllers.Mediator.VehiclePublisher' Vehicle.Controllers.Mediator.VehiclePublisherHandler,DomainModels.Types.DomainModel<Model>
DomainModels,DomainModels.DataStructure,BuildingAspects.Functors.Validators' BackgroundMiddleware.RabbitMQSubscriberWorker' BackgroundMiddleware.RabbitMQPublisher' BackgroundMiddleware.RabbitMQRequestClient<TRequest;TResponse>' BackgroundMiddleware.RabbitMQRequestWorker' Tracking.Startup' Ping.Startup' EventSourcingMiddleware.Startup' Vehicle.Startup' Customer.Startup,
DomainModels,DomainModels.System,CustomerSQLDB.CustomerManager' RedisCacheAdapter.CacheManager' EventSourceingSQLDB.DbModels.DbModel' EventSourceingSQLDB.Adapters.TrackingEventSourcingLedgerAdapter' BackgroundMiddleware.RabbitMQPublisher' EventSourceingSQLDB.Repository.EventSourcingLedger' EventSourcingMiddleware.Startup' EventSourcingMiddleware.Program' Tracking.Startup' TrackingSQLDB.TrackingManager' Tracking.Controllers.Mediator.TrackingRequestHandler' BackgroundMiddleware.RabbitMQSubscriberWorker' BackgroundMiddleware.RabbitMQRequestClient<TRequest;TResponse>' Tracking.Program' VehicleSQLDB.VehicleManager' Customer.Controllers.Mediator.CustomerPublisherHandler' Ping.Controllers.Mediator.PingPublisherHandler' BackgroundMiddleware.RabbitMQRequestWorker' Ping.Program' Customer.Program' Vehicle.Controllers.Mediator.VehiclePublisherHandler' Vehicle.Controllers.Mediator.VehicleRequestHandler' EventSourceingSQLDB.Adapters.PingEventSourcingLedgerAdapter' BuildingAspects.Behaviors.Resilience' Vehicle.Program' Customer.Startup' Customer.Controllers.Mediator.CustomerRequestHandler' Ping.Startup' Vehicle.Startup' DomainModels.Business.TrackingDomain.TrackingFilter' EventSourceingSQLDB.Repository.IQueryEventSourcingLedger' TrackingSQLDB.IQueryTrackingDB' Tracking.Controllers.Mediator.TrackingRequest' PingTests.UnitTest.PingTest' Tracking.Controllers.TrackingController' Customer.Controllers.CustomerController' Ping.Controllers.PingController' Customer.Controllers.Mediator.CustomerPublisher' Ping.Controllers.Mediator.PingPublisher' Customer.Controllers.Mediator.CustomerRequest' Vehicle.Controllers.Mediator.VehiclePublisher' Vehicle.Controllers.VehicleController' Vehicle.Controllers.Mediator.VehicleRequest,
DomainModels,DomainModels.Types,DomainModels.Business.CustomerDomain.CustomerFilterModel' DomainModels.Business.VehicleDomain.VehicleModel' DomainModels.Business.CustomerDomain.CustomerModel' DomainModels.Business.PingDomain.PingModel' DomainModels.Business.TrackingDomain.TrackingFilterModel' EventSourcingMiddleware.Startup' DomainModels.Business.VehicleDomain.VehicleFilterModel' DomainModels.Business.TrackingDomain.TrackingModel' EventSourceingSQLDB.Functors.Mappers<T>' EventSourceingSQLDB.DbModels.DbModelFactory' Ping.Controllers.Mediator.PingPublisherHandler' Vehicle.Controllers.Mediator.VehiclePublisherHandler' Customer.Controllers.Mediator.CustomerPublisherHandler' WebComponents.WebMiddlewares.CustomResponse' Tracking.Controllers.Mediator.TrackingRequestHandler' Customer.Controllers.Mediator.CustomerRequestHandler' WebComponents.Interceptors.CustomResponseResult' WebComponents.Interceptors.CustomAuthorizer' Vehicle.Controllers.Mediator.VehicleRequestHandler' WebComponents.Interceptors.CustomeExceptoinHandler' BuildingAspects.Behaviors.Resilience' BuildingAspects.Behaviors.Function,DomainModels.Types.Messages.MessageFooter' DomainModels.Types.Messages.MessageHeader
DomainModels,DomainModels.Types.Exceptions,WebComponents.Interceptors.CustomeExceptoinHandler,DomainModels.Types.Messages.ResponseHint
DomainModels,DomainModels.Types.Messages,DomainModels.Types.IDomainModel' DomainModels.Types.DomainModel<Model>' EventSourceingSQLDB.DbModels.DbModelFactory' EventSourceingSQLDBTests.PingTest' EventSourceingSQLDB.Functors.Mappers<T>' WebComponents.Interceptors.CustomAuthorizer' WebComponents.Interceptors.CustomeExceptoinHandler' Customer.Controllers.Mediator.CustomerPublisherHandler' WebComponents.Interceptors.CustomResponseResult' Customer.Controllers.Mediator.CustomerRequestHandler' WebComponents.WebMiddlewares.CustomResponse' Ping.Controllers.Mediator.PingPublisherHandler' Tracking.Controllers.Mediator.TrackingRequestHandler' Vehicle.Controllers.Mediator.VehiclePublisherHandler' Vehicle.Controllers.Mediator.VehicleRequestHandler' DomainModels.Types.Exceptions.ExceptionCodesHelper' DomainModels.Types.Exceptions.CustomException' DomainModels.Types.Exceptions.ExceptionCodeAttribute,
