Testability smell,Namespace,Class,File,Cause
Hard-wired Dependency,Ocelot.AcceptanceTests,AggregateTests,C:\Users\victo\Downloads\Ocelot-develop\Ocelot-develop\test\Ocelot.AcceptanceTests\AggregateTests.cs,The tool detected the smell in this class because the class creates objects of concrete classes and uses them. Following concrete classes are instantiated and used: Ocelot.AcceptanceTests.ServiceHandler' Ocelot.AcceptanceTests.Steps
Excessive Dependency,Ocelot.AcceptanceTests,AggregateTests,C:\Users\victo\Downloads\Ocelot-develop\Ocelot-develop\test\Ocelot.AcceptanceTests\AggregateTests.cs,The tool detected the smell in this class because the class depends on too many dependencies. The dependencies are: Ocelot.Configuration.File.AggregateRouteConfig' Ocelot.Configuration.File.FileAggregateRoute' Ocelot.Configuration.File.FileConfiguration' Ocelot.Configuration.File.FileGlobalConfiguration' Ocelot.Configuration.File.FileHostAndPort' Ocelot.Configuration.File.FileRoute' Ocelot.AcceptanceTests.FakeDepdendency' Ocelot.AcceptanceTests.FakeDefinedAggregator' Ocelot.AcceptanceTests.RandomPortFinder' Ocelot.AcceptanceTests.ServiceHandler' Ocelot.AcceptanceTests.Steps
Hard-wired Dependency,Ocelot.AcceptanceTests,AuthenticationTests,C:\Users\victo\Downloads\Ocelot-develop\Ocelot-develop\test\Ocelot.AcceptanceTests\AuthenticationTests.cs,The tool detected the smell in this class because the class creates objects of concrete classes and uses them. Following concrete classes are instantiated and used: Ocelot.AcceptanceTests.ServiceHandler' Ocelot.AcceptanceTests.Steps
Hard-wired Dependency,Ocelot.AcceptanceTests,AuthorizationTests,C:\Users\victo\Downloads\Ocelot-develop\Ocelot-develop\test\Ocelot.AcceptanceTests\AuthorizationTests.cs,The tool detected the smell in this class because the class creates objects of concrete classes and uses them. Following concrete classes are instantiated and used: Ocelot.AcceptanceTests.ServiceHandler' Ocelot.AcceptanceTests.Steps
Hard-wired Dependency,Ocelot.AcceptanceTests,ButterflyTracingTests,C:\Users\victo\Downloads\Ocelot-develop\Ocelot-develop\test\Ocelot.AcceptanceTests\ButterflyTracingTests.cs,The tool detected the smell in this class because the class creates objects of concrete classes and uses them. Following concrete classes are instantiated and used: Ocelot.AcceptanceTests.Steps
Hard-wired Dependency,Ocelot.AcceptanceTests,CachingTests,C:\Users\victo\Downloads\Ocelot-develop\Ocelot-develop\test\Ocelot.AcceptanceTests\CachingTests.cs,The tool detected the smell in this class because the class creates objects of concrete classes and uses them. Following concrete classes are instantiated and used: Ocelot.AcceptanceTests.ServiceHandler' Ocelot.AcceptanceTests.Steps
Hard-wired Dependency,Ocelot.AcceptanceTests,CannotStartOcelotTests,C:\Users\victo\Downloads\Ocelot-develop\Ocelot-develop\test\Ocelot.AcceptanceTests\CannotStartOcelotTests.cs,The tool detected the smell in this class because the class creates objects of concrete classes and uses them. Following concrete classes are instantiated and used: Ocelot.AcceptanceTests.Steps
Hard-wired Dependency,Ocelot.AcceptanceTests,CaseSensitiveRoutingTests,C:\Users\victo\Downloads\Ocelot-develop\Ocelot-develop\test\Ocelot.AcceptanceTests\CaseSensitiveRoutingTests.cs,The tool detected the smell in this class because the class creates objects of concrete classes and uses them. Following concrete classes are instantiated and used: Ocelot.AcceptanceTests.ServiceHandler' Ocelot.AcceptanceTests.Steps
Hard-wired Dependency,Ocelot.AcceptanceTests,ClaimsToDownstreamPathTests,C:\Users\victo\Downloads\Ocelot-develop\Ocelot-develop\test\Ocelot.AcceptanceTests\ClaimsToDownstreamPathTests.cs,The tool detected the smell in this class because the class creates objects of concrete classes and uses them. Following concrete classes are instantiated and used: Ocelot.AcceptanceTests.Steps
Hard-wired Dependency,Ocelot.AcceptanceTests,ClaimsToHeadersForwardingTests,C:\Users\victo\Downloads\Ocelot-develop\Ocelot-develop\test\Ocelot.AcceptanceTests\ClaimsToHeadersForwardingTests.cs,The tool detected the smell in this class because the class creates objects of concrete classes and uses them. Following concrete classes are instantiated and used: Ocelot.AcceptanceTests.ServiceHandler' Ocelot.AcceptanceTests.Steps
Hard-wired Dependency,Ocelot.AcceptanceTests,ClaimsToQueryStringForwardingTests,C:\Users\victo\Downloads\Ocelot-develop\Ocelot-develop\test\Ocelot.AcceptanceTests\ClaimsToQueryStringForwardingTests.cs,The tool detected the smell in this class because the class creates objects of concrete classes and uses them. Following concrete classes are instantiated and used: Ocelot.AcceptanceTests.Steps
Hard-wired Dependency,Ocelot.AcceptanceTests,ClientRateLimitTests,C:\Users\victo\Downloads\Ocelot-develop\Ocelot-develop\test\Ocelot.AcceptanceTests\ClientRateLimitTests.cs,The tool detected the smell in this class because the class creates objects of concrete classes and uses them. Following concrete classes are instantiated and used: Ocelot.AcceptanceTests.Steps
Excessive Dependency,Ocelot.AcceptanceTests,ClientRateLimitTests,C:\Users\victo\Downloads\Ocelot-develop\Ocelot-develop\test\Ocelot.AcceptanceTests\ClientRateLimitTests.cs,The tool detected the smell in this class because the class depends on too many dependencies. The dependencies are: Ocelot.Configuration.File.FileConfiguration' Ocelot.Configuration.File.FileGlobalConfiguration' Ocelot.Configuration.File.FileHostAndPort' Ocelot.Configuration.File.FileRateLimitOptions' Ocelot.Configuration.File.FileRateLimitRule' Ocelot.Configuration.File.FileRoute' Ocelot.AcceptanceTests.RandomPortFinder' Ocelot.AcceptanceTests.ServiceHandler' Ocelot.AcceptanceTests.Steps
Hard-wired Dependency,Ocelot.AcceptanceTests,ConfigurationInConsulTests,C:\Users\victo\Downloads\Ocelot-develop\Ocelot-develop\test\Ocelot.AcceptanceTests\ConfigurationInConsulTests.cs,The tool detected the smell in this class because the class creates objects of concrete classes and uses them. Following concrete classes are instantiated and used: Ocelot.AcceptanceTests.Steps
Excessive Dependency,Ocelot.AcceptanceTests,ConfigurationInConsulTests,C:\Users\victo\Downloads\Ocelot-develop\Ocelot-develop\test\Ocelot.AcceptanceTests\ConfigurationInConsulTests.cs,The tool detected the smell in this class because the class depends on too many dependencies. The dependencies are: Ocelot.Configuration.File.FileConfiguration' Ocelot.Configuration.File.FileGlobalConfiguration' Ocelot.Configuration.File.FileHostAndPort' Ocelot.Configuration.File.FileRoute' Ocelot.Configuration.File.FileServiceDiscoveryProvider' Ocelot.AcceptanceTests.FakeConsulGetResponse' Ocelot.AcceptanceTests.RandomPortFinder' Ocelot.AcceptanceTests.Steps
Hard-wired Dependency,Ocelot.AcceptanceTests,ConfigurationReloadTests,C:\Users\victo\Downloads\Ocelot-develop\Ocelot-develop\test\Ocelot.AcceptanceTests\ConfigurationReloadTests.cs,The tool detected the smell in this class because the class creates objects of concrete classes and uses them. Following concrete classes are instantiated and used: Ocelot.AcceptanceTests.Steps
Hard-wired Dependency,Ocelot.AcceptanceTests,ConsulConfigurationInConsulTests,C:\Users\victo\Downloads\Ocelot-develop\Ocelot-develop\test\Ocelot.AcceptanceTests\ConsulConfigurationInConsulTests.cs,The tool detected the smell in this class because the class creates objects of concrete classes and uses them. Following concrete classes are instantiated and used: Ocelot.AcceptanceTests.Steps
Excessive Dependency,Ocelot.AcceptanceTests,ConsulConfigurationInConsulTests,C:\Users\victo\Downloads\Ocelot-develop\Ocelot-develop\test\Ocelot.AcceptanceTests\ConsulConfigurationInConsulTests.cs,The tool detected the smell in this class because the class depends on too many dependencies. The dependencies are: Ocelot.Cache.IOcelotCache' Ocelot.Configuration.File.FileConfiguration' Ocelot.Configuration.File.FileDynamicRoute' Ocelot.Configuration.File.FileGlobalConfiguration' Ocelot.Configuration.File.FileHostAndPort' Ocelot.Configuration.File.FileRateLimitOptions' Ocelot.Configuration.File.FileRateLimitRule' Ocelot.Configuration.File.FileRoute' Ocelot.Configuration.File.FileServiceDiscoveryProvider' Ocelot.AcceptanceTests.FakeConsulGetResponse' Ocelot.AcceptanceTests.Wait' Ocelot.AcceptanceTests.RandomPortFinder' Ocelot.AcceptanceTests.Steps
Hard-wired Dependency,Ocelot.AcceptanceTests,ConsulWebSocketTests,C:\Users\victo\Downloads\Ocelot-develop\Ocelot-develop\test\Ocelot.AcceptanceTests\ConsulWebSocketTests.cs,The tool detected the smell in this class because the class creates objects of concrete classes and uses them. Following concrete classes are instantiated and used: Ocelot.AcceptanceTests.ServiceHandler' Ocelot.AcceptanceTests.Steps
Excessive Dependency,Ocelot.AcceptanceTests,ConsulWebSocketTests,C:\Users\victo\Downloads\Ocelot-develop\Ocelot-develop\test\Ocelot.AcceptanceTests\ConsulWebSocketTests.cs,The tool detected the smell in this class because the class depends on too many dependencies. The dependencies are: Ocelot.Configuration.File.FileConfiguration' Ocelot.Configuration.File.FileGlobalConfiguration' Ocelot.Configuration.File.FileLoadBalancerOptions' Ocelot.Configuration.File.FileRoute' Ocelot.Configuration.File.FileServiceDiscoveryProvider' Ocelot.AcceptanceTests.RandomPortFinder' Ocelot.AcceptanceTests.ServiceHandler' Ocelot.AcceptanceTests.Steps
Hard-wired Dependency,Ocelot.AcceptanceTests,ContentTests,C:\Users\victo\Downloads\Ocelot-develop\Ocelot-develop\test\Ocelot.AcceptanceTests\ContentTests.cs,The tool detected the smell in this class because the class creates objects of concrete classes and uses them. Following concrete classes are instantiated and used: Ocelot.AcceptanceTests.ServiceHandler' Ocelot.AcceptanceTests.Steps
Hard-wired Dependency,Ocelot.AcceptanceTests,CustomMiddlewareTests,C:\Users\victo\Downloads\Ocelot-develop\Ocelot-develop\test\Ocelot.AcceptanceTests\CustomMiddlewareTests.cs,The tool detected the smell in this class because the class creates objects of concrete classes and uses them. Following concrete classes are instantiated and used: Ocelot.AcceptanceTests.ServiceHandler' Ocelot.AcceptanceTests.Steps
Excessive Dependency,Ocelot.AcceptanceTests,CustomMiddlewareTests,C:\Users\victo\Downloads\Ocelot-develop\Ocelot-develop\test\Ocelot.AcceptanceTests\CustomMiddlewareTests.cs,The tool detected the smell in this class because the class depends on too many dependencies. The dependencies are: Ocelot.Configuration.File.FileConfiguration' Ocelot.Configuration.File.FileHostAndPort' Ocelot.Configuration.File.FileRoute' Ocelot.Middleware.OcelotPipelineConfiguration' Ocelot.AcceptanceTests.FakeMiddleware' Ocelot.AcceptanceTests.RandomPortFinder' Ocelot.AcceptanceTests.ServiceHandler' Ocelot.AcceptanceTests.Steps
Hard-wired Dependency,Ocelot.AcceptanceTests,EurekaServiceDiscoveryTests,C:\Users\victo\Downloads\Ocelot-develop\Ocelot-develop\test\Ocelot.AcceptanceTests\EurekaServiceDiscoveryTests.cs,The tool detected the smell in this class because the class creates objects of concrete classes and uses them. Following concrete classes are instantiated and used: Ocelot.AcceptanceTests.ServiceHandler' Ocelot.AcceptanceTests.Steps
Excessive Dependency,Ocelot.AcceptanceTests,EurekaServiceDiscoveryTests,C:\Users\victo\Downloads\Ocelot-develop\Ocelot-develop\test\Ocelot.AcceptanceTests\EurekaServiceDiscoveryTests.cs,The tool detected the smell in this class because the class depends on too many dependencies. The dependencies are: Ocelot.Configuration.File.FileConfiguration' Ocelot.Configuration.File.FileGlobalConfiguration' Ocelot.Configuration.File.FileLoadBalancerOptions' Ocelot.Configuration.File.FileRoute' Ocelot.Configuration.File.FileServiceDiscoveryProvider' Ocelot.AcceptanceTests.FakeEurekaService' Ocelot.AcceptanceTests.Port' Ocelot.AcceptanceTests.SecurePort' Ocelot.AcceptanceTests.DataCenterInfo' Ocelot.AcceptanceTests.LeaseInfo' Ocelot.AcceptanceTests.Metadata' Ocelot.AcceptanceTests.Instance' Ocelot.AcceptanceTests.Application' Ocelot.AcceptanceTests.Applications' Ocelot.AcceptanceTests.EurekaApplications' Ocelot.AcceptanceTests.RandomPortFinder' Ocelot.AcceptanceTests.ServiceHandler' Ocelot.AcceptanceTests.Steps
Hard-wired Dependency,Ocelot.AcceptanceTests,GzipTests,C:\Users\victo\Downloads\Ocelot-develop\Ocelot-develop\test\Ocelot.AcceptanceTests\GzipTests.cs,The tool detected the smell in this class because the class creates objects of concrete classes and uses them. Following concrete classes are instantiated and used: Ocelot.AcceptanceTests.ServiceHandler' Ocelot.AcceptanceTests.Steps
Hard-wired Dependency,Ocelot.AcceptanceTests,HeaderTests,C:\Users\victo\Downloads\Ocelot-develop\Ocelot-develop\test\Ocelot.AcceptanceTests\HeaderTests.cs,The tool detected the smell in this class because the class creates objects of concrete classes and uses them. Following concrete classes are instantiated and used: Ocelot.AcceptanceTests.ServiceHandler' Ocelot.AcceptanceTests.Steps
Excessive Dependency,Ocelot.AcceptanceTests,HeaderTests,C:\Users\victo\Downloads\Ocelot-develop\Ocelot-develop\test\Ocelot.AcceptanceTests\HeaderTests.cs,The tool detected the smell in this class because the class depends on too many dependencies. The dependencies are: Ocelot.Configuration.File.FileConfiguration' Ocelot.Configuration.File.FileGlobalConfiguration' Ocelot.Configuration.File.FileHostAndPort' Ocelot.Configuration.File.FileHttpHandlerOptions' Ocelot.Configuration.File.FileRoute' Ocelot.AcceptanceTests.RandomPortFinder' Ocelot.AcceptanceTests.ServiceHandler' Ocelot.AcceptanceTests.Steps
Hard-wired Dependency,Ocelot.AcceptanceTests,HttpClientCachingTests,C:\Users\victo\Downloads\Ocelot-develop\Ocelot-develop\test\Ocelot.AcceptanceTests\HttpClientCachingTests.cs,The tool detected the smell in this class because the class creates objects of concrete classes and uses them. Following concrete classes are instantiated and used: Ocelot.AcceptanceTests.ServiceHandler' Ocelot.AcceptanceTests.Steps
Excessive Dependency,Ocelot.AcceptanceTests,HttpClientCachingTests,C:\Users\victo\Downloads\Ocelot-develop\Ocelot-develop\test\Ocelot.AcceptanceTests\HttpClientCachingTests.cs,The tool detected the smell in this class because the class depends on too many dependencies. The dependencies are: Ocelot.Configuration.DownstreamRoute' Ocelot.Configuration.File.FileConfiguration' Ocelot.Configuration.File.FileHostAndPort' Ocelot.Configuration.File.FileRoute' Ocelot.Requester.IHttpClient' Ocelot.Requester.IHttpClientCache' Ocelot.AcceptanceTests.FakeHttpClientCache' Ocelot.AcceptanceTests.RandomPortFinder' Ocelot.AcceptanceTests.ServiceHandler' Ocelot.AcceptanceTests.Steps
Hard-wired Dependency,Ocelot.AcceptanceTests,HttpDelegatingHandlersTests,C:\Users\victo\Downloads\Ocelot-develop\Ocelot-develop\test\Ocelot.AcceptanceTests\HttpDelegatingHandlersTests.cs,The tool detected the smell in this class because the class creates objects of concrete classes and uses them. Following concrete classes are instantiated and used: Ocelot.AcceptanceTests.ServiceHandler' Ocelot.AcceptanceTests.Steps
Excessive Dependency,Ocelot.AcceptanceTests,HttpDelegatingHandlersTests,C:\Users\victo\Downloads\Ocelot-develop\Ocelot-develop\test\Ocelot.AcceptanceTests\HttpDelegatingHandlersTests.cs,The tool detected the smell in this class because the class depends on too many dependencies. The dependencies are: Ocelot.Configuration.File.FileConfiguration' Ocelot.Configuration.File.FileHostAndPort' Ocelot.Configuration.File.FileRoute' Ocelot.AcceptanceTests.FakeDependency' Ocelot.AcceptanceTests.FakeHandlerWithDependency' Ocelot.AcceptanceTests.FakeHandler' Ocelot.AcceptanceTests.FakeHandlerTwo' Ocelot.AcceptanceTests.FakeHandlerAgain' Ocelot.AcceptanceTests.RandomPortFinder' Ocelot.AcceptanceTests.ServiceHandler' Ocelot.AcceptanceTests.Steps
Hard-wired Dependency,Ocelot.AcceptanceTests,HttpTests,C:\Users\victo\Downloads\Ocelot-develop\Ocelot-develop\test\Ocelot.AcceptanceTests\HttpTests.cs,The tool detected the smell in this class because the class creates objects of concrete classes and uses them. Following concrete classes are instantiated and used: Ocelot.AcceptanceTests.ServiceHandler' Ocelot.AcceptanceTests.Steps
Hard-wired Dependency,Ocelot.AcceptanceTests,LoadBalancerTests,C:\Users\victo\Downloads\Ocelot-develop\Ocelot-develop\test\Ocelot.AcceptanceTests\LoadBalancerTests.cs,The tool detected the smell in this class because the class creates objects of concrete classes and uses them. Following concrete classes are instantiated and used: Ocelot.AcceptanceTests.ServiceHandler' Ocelot.AcceptanceTests.Steps
Excessive Dependency,Ocelot.AcceptanceTests,LoadBalancerTests,C:\Users\victo\Downloads\Ocelot-develop\Ocelot-develop\test\Ocelot.AcceptanceTests\LoadBalancerTests.cs,The tool detected the smell in this class because the class depends on too many dependencies. The dependencies are: Ocelot.Configuration.DownstreamRoute' Ocelot.Configuration.File.FileConfiguration' Ocelot.Configuration.File.FileGlobalConfiguration' Ocelot.Configuration.File.FileHostAndPort' Ocelot.Configuration.File.FileLoadBalancerOptions' Ocelot.Configuration.File.FileRoute' Ocelot.LoadBalancer.LoadBalancers.ILoadBalancer' Ocelot.LoadBalancer.LoadBalancers.LeastConnection' Ocelot.LoadBalancer.LoadBalancers.RoundRobin' Ocelot.Responses.OkResponse<T>' Ocelot.Responses.Response<T>' Ocelot.ServiceDiscovery.Providers.IServiceDiscoveryProvider' Ocelot.Values.Service' Ocelot.Values.ServiceHostAndPort' Ocelot.AcceptanceTests.CustomLoadBalancer' Ocelot.AcceptanceTests.RandomPortFinder' Ocelot.AcceptanceTests.ServiceHandler' Ocelot.AcceptanceTests.Steps
Hard-wired Dependency,Ocelot.AcceptanceTests,MethodTests,C:\Users\victo\Downloads\Ocelot-develop\Ocelot-develop\test\Ocelot.AcceptanceTests\MethodTests.cs,The tool detected the smell in this class because the class creates objects of concrete classes and uses them. Following concrete classes are instantiated and used: Ocelot.AcceptanceTests.ServiceHandler' Ocelot.AcceptanceTests.Steps
Hard-wired Dependency,Ocelot.AcceptanceTests,OpenTracingTests,C:\Users\victo\Downloads\Ocelot-develop\Ocelot-develop\test\Ocelot.AcceptanceTests\OpenTracingTests.cs,The tool detected the smell in this class because the class creates objects of concrete classes and uses them. Following concrete classes are instantiated and used: Ocelot.AcceptanceTests.Steps
Excessive Dependency,Ocelot.AcceptanceTests,OpenTracingTests,C:\Users\victo\Downloads\Ocelot-develop\Ocelot-develop\test\Ocelot.AcceptanceTests\OpenTracingTests.cs,The tool detected the smell in this class because the class depends on too many dependencies. The dependencies are: Ocelot.Configuration.File.FileConfiguration' Ocelot.Configuration.File.FileHostAndPort' Ocelot.Configuration.File.FileHttpHandlerOptions' Ocelot.Configuration.File.FileRoute' Ocelot.AcceptanceTests.FakeTracer' Ocelot.AcceptanceTests.Wait' Ocelot.AcceptanceTests.RandomPortFinder' Ocelot.AcceptanceTests.Steps
Global State,Ocelot.AcceptanceTests,FakeSpanContext,C:\Users\victo\Downloads\Ocelot-develop\Ocelot-develop\test\Ocelot.AcceptanceTests\OpenTracingTests.cs,The tool detected the smell in this class because the class declares global variables. The detected global variables are: FakeTraceId' FakeSpanId
Hard-wired Dependency,Ocelot.AcceptanceTests,PollyQoSTests,C:\Users\victo\Downloads\Ocelot-develop\Ocelot-develop\test\Ocelot.AcceptanceTests\PollyQoSTests.cs,The tool detected the smell in this class because the class creates objects of concrete classes and uses them. Following concrete classes are instantiated and used: Ocelot.AcceptanceTests.ServiceHandler' Ocelot.AcceptanceTests.Steps
Global State,Ocelot.AcceptanceTests,RandomPortFinder,C:\Users\victo\Downloads\Ocelot-develop\Ocelot-develop\test\Ocelot.AcceptanceTests\RandomPortFinder.cs,The tool detected the smell in this class because the class can be accessed as a `global` state.
Hard-wired Dependency,Ocelot.AcceptanceTests,ReasonPhraseTests,C:\Users\victo\Downloads\Ocelot-develop\Ocelot-develop\test\Ocelot.AcceptanceTests\ReasonPhraseTests.cs,The tool detected the smell in this class because the class creates objects of concrete classes and uses them. Following concrete classes are instantiated and used: Ocelot.AcceptanceTests.ServiceHandler' Ocelot.AcceptanceTests.Steps
Hard-wired Dependency,Ocelot.AcceptanceTests,RequestIdTests,C:\Users\victo\Downloads\Ocelot-develop\Ocelot-develop\test\Ocelot.AcceptanceTests\RequestIdTests.cs,The tool detected the smell in this class because the class creates objects of concrete classes and uses them. Following concrete classes are instantiated and used: Ocelot.AcceptanceTests.ServiceHandler' Ocelot.AcceptanceTests.Steps
Hard-wired Dependency,Ocelot.AcceptanceTests,ResponseCodeTests,C:\Users\victo\Downloads\Ocelot-develop\Ocelot-develop\test\Ocelot.AcceptanceTests\ResponseCodeTests.cs,The tool detected the smell in this class because the class creates objects of concrete classes and uses them. Following concrete classes are instantiated and used: Ocelot.AcceptanceTests.ServiceHandler' Ocelot.AcceptanceTests.Steps
Hard-wired Dependency,Ocelot.AcceptanceTests,ReturnsErrorTests,C:\Users\victo\Downloads\Ocelot-develop\Ocelot-develop\test\Ocelot.AcceptanceTests\ReturnsErrorTests.cs,The tool detected the smell in this class because the class creates objects of concrete classes and uses them. Following concrete classes are instantiated and used: Ocelot.AcceptanceTests.ServiceHandler' Ocelot.AcceptanceTests.Steps
Hard-wired Dependency,Ocelot.AcceptanceTests,RoutingTests,C:\Users\victo\Downloads\Ocelot-develop\Ocelot-develop\test\Ocelot.AcceptanceTests\RoutingTests.cs,The tool detected the smell in this class because the class creates objects of concrete classes and uses them. Following concrete classes are instantiated and used: Ocelot.AcceptanceTests.ServiceHandler' Ocelot.AcceptanceTests.Steps
Hard-wired Dependency,Ocelot.AcceptanceTests,RoutingWithQueryStringTests,C:\Users\victo\Downloads\Ocelot-develop\Ocelot-develop\test\Ocelot.AcceptanceTests\RoutingWithQueryStringTests.cs,The tool detected the smell in this class because the class creates objects of concrete classes and uses them. Following concrete classes are instantiated and used: Ocelot.AcceptanceTests.ServiceHandler' Ocelot.AcceptanceTests.Steps
Hard-wired Dependency,Ocelot.AcceptanceTests,ServiceDiscoveryTests,C:\Users\victo\Downloads\Ocelot-develop\Ocelot-develop\test\Ocelot.AcceptanceTests\ServiceDiscoveryTests.cs,The tool detected the smell in this class because the class creates objects of concrete classes and uses them. Following concrete classes are instantiated and used: Ocelot.AcceptanceTests.ServiceHandler' Ocelot.AcceptanceTests.Steps
Excessive Dependency,Ocelot.AcceptanceTests,ServiceDiscoveryTests,C:\Users\victo\Downloads\Ocelot-develop\Ocelot-develop\test\Ocelot.AcceptanceTests\ServiceDiscoveryTests.cs,The tool detected the smell in this class because the class depends on too many dependencies. The dependencies are: Ocelot.Configuration.File.FileConfiguration' Ocelot.Configuration.File.FileGlobalConfiguration' Ocelot.Configuration.File.FileHttpHandlerOptions' Ocelot.Configuration.File.FileLoadBalancerOptions' Ocelot.Configuration.File.FileRoute' Ocelot.Configuration.File.FileServiceDiscoveryProvider' Ocelot.AcceptanceTests.RandomPortFinder' Ocelot.AcceptanceTests.ServiceHandler' Ocelot.AcceptanceTests.Steps
Hard-wired Dependency,Ocelot.AcceptanceTests,ServiceFabricTests,C:\Users\victo\Downloads\Ocelot-develop\Ocelot-develop\test\Ocelot.AcceptanceTests\ServiceFabricTests.cs,The tool detected the smell in this class because the class creates objects of concrete classes and uses them. Following concrete classes are instantiated and used: Ocelot.AcceptanceTests.ServiceHandler' Ocelot.AcceptanceTests.Steps
Hard-wired Dependency,Ocelot.AcceptanceTests,SslTests,C:\Users\victo\Downloads\Ocelot-develop\Ocelot-develop\test\Ocelot.AcceptanceTests\SslTests.cs,The tool detected the smell in this class because the class creates objects of concrete classes and uses them. Following concrete classes are instantiated and used: Ocelot.AcceptanceTests.ServiceHandler' Ocelot.AcceptanceTests.Steps
Hard-wired Dependency,Ocelot.AcceptanceTests,StartupTests,C:\Users\victo\Downloads\Ocelot-develop\Ocelot-develop\test\Ocelot.AcceptanceTests\StartupTests.cs,The tool detected the smell in this class because the class creates objects of concrete classes and uses them. Following concrete classes are instantiated and used: Ocelot.AcceptanceTests.ServiceHandler' Ocelot.AcceptanceTests.Steps
Excessive Dependency,Ocelot.AcceptanceTests,StartupTests,C:\Users\victo\Downloads\Ocelot-develop\Ocelot-develop\test\Ocelot.AcceptanceTests\StartupTests.cs,The tool detected the smell in this class because the class depends on too many dependencies. The dependencies are: Ocelot.Configuration.File.FileConfiguration' Ocelot.Configuration.File.FileHostAndPort' Ocelot.Configuration.File.FileRoute' Ocelot.Configuration.Repository.IFileConfigurationRepository' Ocelot.Responses.Response' Ocelot.Responses.Response<T>' Ocelot.AcceptanceTests.RandomPortFinder' Ocelot.AcceptanceTests.ServiceHandler' Ocelot.AcceptanceTests.FakeFileConfigurationRepository' Ocelot.AcceptanceTests.Steps
Excessive Dependency,Ocelot.AcceptanceTests,Steps,C:\Users\victo\Downloads\Ocelot-develop\Ocelot-develop\test\Ocelot.AcceptanceTests\Steps.cs,The tool detected the smell in this class because the class depends on too many dependencies. The dependencies are: Ocelot.Configuration.DownstreamRoute' Ocelot.Configuration.ChangeTracking.IOcelotConfigurationChangeTokenSource' Ocelot.Configuration.Creator.IInternalConfigurationCreator' Ocelot.Configuration.File.FileConfiguration' Ocelot.Configuration.Repository.IFileConfigurationRepository' Ocelot.Configuration.Repository.IInternalConfigurationRepository' Ocelot.LoadBalancer.LoadBalancers.ILoadBalancer' Ocelot.Logging.IOcelotLogger' Ocelot.Logging.IOcelotLoggerFactory' Ocelot.Middleware.OcelotPipelineConfiguration' Ocelot.Multiplexer.IDefinedAggregator' Ocelot.Requester.IHttpClientCache' Ocelot.ServiceDiscovery.Providers.IServiceDiscoveryProvider' Ocelot.AcceptanceTests.BearerToken' Ocelot.AcceptanceTests.FakeDependency' Ocelot.AcceptanceTests.Wait' Ocelot.AcceptanceTests.MockLoggerFactory' Ocelot.AcceptanceTests.TestConfiguration' Ocelot.AcceptanceTests.Caching.InMemoryJsonHandle<TCacheValue>
Law of Demeter violation,Ocelot.AcceptanceTests,Steps,C:\Users\victo\Downloads\Ocelot-develop\Ocelot-develop\test\Ocelot.AcceptanceTests\Steps.cs,The tool detected the smell in this method (GivenOcelotIsRunningUsingConsulToStoreConfigAndJsonSerializedCache) because the method voilates the law of Demeter. The long chain of method invocations is : Ocelot.Provider.Consul.OcelotBuilderExtensions.AddConsul' Ocelot.Provider.Consul.OcelotBuilderExtensions.AddConfigStoredInConsul
Hard-wired Dependency,Ocelot.AcceptanceTests,StickySessionsTests,C:\Users\victo\Downloads\Ocelot-develop\Ocelot-develop\test\Ocelot.AcceptanceTests\StickySessionsTests.cs,The tool detected the smell in this class because the class creates objects of concrete classes and uses them. Following concrete classes are instantiated and used: Ocelot.AcceptanceTests.ServiceHandler' Ocelot.AcceptanceTests.Steps
Global State,Ocelot.AcceptanceTests,TestConfiguration,C:\Users\victo\Downloads\Ocelot-develop\Ocelot-develop\test\Ocelot.AcceptanceTests\TestConfiguration.cs,The tool detected the smell in this class because the class can be accessed as a `global` state.
Hard-wired Dependency,Ocelot.AcceptanceTests,TwoDownstreamServicesTests,C:\Users\victo\Downloads\Ocelot-develop\Ocelot-develop\test\Ocelot.AcceptanceTests\TwoDownstreamServicesTests.cs,The tool detected the smell in this class because the class creates objects of concrete classes and uses them. Following concrete classes are instantiated and used: Ocelot.AcceptanceTests.ServiceHandler' Ocelot.AcceptanceTests.Steps
Excessive Dependency,Ocelot.AcceptanceTests,TwoDownstreamServicesTests,C:\Users\victo\Downloads\Ocelot-develop\Ocelot-develop\test\Ocelot.AcceptanceTests\TwoDownstreamServicesTests.cs,The tool detected the smell in this class because the class depends on too many dependencies. The dependencies are: Ocelot.Configuration.File.FileConfiguration' Ocelot.Configuration.File.FileGlobalConfiguration' Ocelot.Configuration.File.FileHostAndPort' Ocelot.Configuration.File.FileRoute' Ocelot.Configuration.File.FileServiceDiscoveryProvider' Ocelot.AcceptanceTests.RandomPortFinder' Ocelot.AcceptanceTests.ServiceHandler' Ocelot.AcceptanceTests.Steps
Hard-wired Dependency,Ocelot.AcceptanceTests,UpstreamHostTests,C:\Users\victo\Downloads\Ocelot-develop\Ocelot-develop\test\Ocelot.AcceptanceTests\UpstreamHostTests.cs,The tool detected the smell in this class because the class creates objects of concrete classes and uses them. Following concrete classes are instantiated and used: Ocelot.AcceptanceTests.ServiceHandler' Ocelot.AcceptanceTests.Steps
Hard-wired Dependency,Ocelot.AcceptanceTests,WebSocketTests,C:\Users\victo\Downloads\Ocelot-develop\Ocelot-develop\test\Ocelot.AcceptanceTests\WebSocketTests.cs,The tool detected the smell in this class because the class creates objects of concrete classes and uses them. Following concrete classes are instantiated and used: Ocelot.AcceptanceTests.ServiceHandler' Ocelot.AcceptanceTests.Steps
